{
	"Width":	30,
	"Height":	16,
	"Mines":	10,
	"Time":	4.366727662,
	"Date":	"Sun Jun  7 17:37:05 2026\n"
}{
	"Width":	30,
	"Height":	16,
	"Mines":	10,
	"Time":	2.100006451,
	"Date":	"Sun Jun  7 17:45:53 2026\n"
}{
	"Width":	10,
	"Height":	16,
	"Mines":	10,
	"Time":	7.366828461,
	"Date":	"Sun Jun  7 17:47:37 2026\n"
}{
	"Width":	30,
	"Height":	16,
	"Mines":	99,
	"Time":	248.388218807,
	"Date":	"Wed Jun 10 19:13:51 2026\n"
}{
	"Width":	30,
	"Height":	16,
	"Mines":	99,
	"Time":	212.115985298,
	"Date":	"Wed Jun 10 22:44:31 2026\n"
}{
	"Width":	3,
	"Height":	3,
	"Mines":	1,
	"Time":	0.983370977,
	"Date":	"Wed Jun 10 23:44:26 2026\n"
}{
	"Width":	3,
	"Height":	3,
	"Mines":	1,
	"Time":	2.166719294,
	"Date":	"Wed Jun 10 23:44:28 2026\n"
}{
	"Width":	3,
	"Height":	3,
	"Mines":	8,
	"Time":	0.23334988,
	"Date":	"Wed Jun 10 23:44:40 2026\n"
}{
	"Width":	30,
	"Height":	16,
	"Mines":	99,
	"Time":	301.270788922,
	"Date":	"Wed Jun 10 23:51:59 2026\n"
}{
	"Width":	30,
	"Height":	16,
	"Mines":	99,
	"Time":	227.681304981,
	"Date":	"Thu Jun 11 00:01:25 2026\n"
}{
	"Width":	30,
	"Height":	16,
	"Mines":	99,
	"Time":	213.886627193,
	"Date":	"Thu Jun 11 10:03:01 2026\n"
}{
	"Width":	30,
	"Height":	16,
	"Mines":	99,
	"Time":	163.903264303,
	"Date":	"Thu Jun 11 10:14:20 2026\n"
}